Tumor_Sample_Barcode	Histology	Chromosome	Start_Position	End_Position	Broad_Variant_Classification	t_AF	HGVSp_Short	Protein_Paint_Query
BT20-C	NST	chr16	68849450	68849450	Silent	0.838156484458735	p.I451I	p.I451I, chr16:68849450, X, BT20-C
HDQP1-C	NST	chr16	68845655	68845655	Missense	0.403560830860534	p.A301T	p.A301T, chr16:68845655, I, HDQP1-C
UACC812-C	NST	chr16	68849662	68849662	Truncating	0.423076923076923	p.T522I	p.T522I, chr16:68849662, D, UACC812-C
UACC893-C	NST	chr16	68844111	68844111	Silent	0.487179487179487	p.H233H	p.H233H, chr16:68844111, X, UACC893-C
CAL148-C	NST	chr16	68847282	68847282	Missense	1	p.D402N	p.D402N, chr16:68847282, I, CAL148-C
BCK4-I	ILC	chr16	68845621	68845621	Truncating	0.968	p.D290Tfs*4	p.D290Tfs*4, chr16:68845621, M, BCK4-I
CAMA1-I	ILC-like	chr16	68855903	68855903	Truncating	0.979	p.X592_splice	p.X592_splice, chr16:68855903, F, CAMA1-I
IPH926-I	ILC	chr16	68835650	68835650	Truncating	0.991	p.V82Gfs*13	p.V82Gfs*13, chr16:68835650, M, IPH926-I
MDAMB453-I	ILC-like	chr16	68856105	68856105	Truncating	0.959	p.W659*	p.W659*, chr16:68856105, F, MDAMB453-I
600MPE-I	ILC-like	chr16	68847216	68847216	Truncating	0.971	p.X380_splice	p.X380_splice, chr16:68847216, F, 600MPE-I
SUM44PE-I	ILC	chr16	68847345	68847345	Truncating	0.979	p.F423Lfs*8	p.F423Lfs*8, chr16:68847345, M, SUM44PE-I
UACC3133-I	ILC	chr16	68842605	68842605	Truncating	0.974	p.X178_splice	p.X178_splice, chr16:68842605, M, UACC3133-I
WCRC25-I	ILC	chr16	68857481	68857481	Truncating	0.976	p.Q727*	p.Q727*, chr16:68857481, M, WCRC25-I
ZR7530-I	ILC-like	chr16	68844139	68844139	Truncating	0.974	p.E243*	p.E243*, chr16:68844139, F, ZR7530-I
